<NotepadPlus>
    <UserLang name="Windbg script" ext="wds" udlVersion="2.1">
        <Settings>
            <Global caseIgnored="yes" allowFoldOfComments="yes" foldCompact="no" forcePureLC="0" decimalSeparator="0" />
            <Prefix Keywords1="no" Keywords2="no" Keywords3="no" Keywords4="yes" Keywords5="yes" Keywords6="no" Keywords7="no" Keywords8="no" />
        </Settings>
        <KeywordLists>
            <Keywords name="Comments">00$$ 01 02 03 04</Keywords>
            <Keywords name="Numbers, prefix1">0n 0o 0y</Keywords>
            <Keywords name="Numbers, prefix2">0x</Keywords>
            <Keywords name="Numbers, extras1">A B C D E F a b c d e f</Keywords>
            <Keywords name="Numbers, extras2"></Keywords>
            <Keywords name="Numbers, suffix1"></Keywords>
            <Keywords name="Numbers, suffix2"></Keywords>
            <Keywords name="Numbers, range"></Keywords>
            <Keywords name="Operators1">+ - * / ( ) &lt; &gt; [ ]  , ; ! ^ % &amp; | &amp;&amp; || != = &lt;&lt; &gt;&gt; &gt;&gt;&gt; &gt;= &lt;= ? :</Keywords>
            <Keywords name="Operators2">not mod and or xor</Keywords>
            <Keywords name="Folders in code1, open">{</Keywords>
            <Keywords name="Folders in code1, middle"></Keywords>
            <Keywords name="Folders in code1, close">}</Keywords>
            <Keywords name="Folders in code2, open"></Keywords>
            <Keywords name="Folders in code2, middle"></Keywords>
            <Keywords name="Folders in code2, close"></Keywords>
            <Keywords name="Folders in comment, open"></Keywords>
            <Keywords name="Folders in comment, middle"></Keywords>
            <Keywords name="Folders in comment, close"></Keywords>
            <Keywords name="Keywords1">@$t0 @$t1 @$t2 @$t3 @$t4 @$t5 @$t6 @$t7 @$t8 @$t9 @$t10 @$t11 @$t12 @$t13 @$t14 @$t15 @$t16 @$t17 @$t18 @$t19 @$ea @$ea2 @$exp @$ra @$ip @$eventip @$previp @$relip @$scopeip @$exentry @$retreg @$retreg64 @$csp @$p @$proc @$thread @$peb @$teb @$tpid @$tid @$frame @$dbgtime @$callret @$ptrsize @$pagesize @$pcr @efl @fl @iopl @of @df @if @tf @sf @zf @af @pf @cf @vip @vif @eax @ebx @ecx @edx @edi @esi @ebp @eip @esp @ax @bx @cx @dx @di @si @bp @ip @sp @ah @al @bh @bl @ch @cl @dh @dl @gs @fs @es @ds @cs @ss @idtr @idtl @gdtr @gdtl @tr @ldtr @dr0 @dr1 @dr2 @dr3 @dr6 @dr7 @cr0 @cr2 @cr3 @cr4 @fpcw @fpsw @fptw @fopcode @fpip @fpipsel @fpdp @fpdpsel @st0 @st1 @st2 @st3 @st4 @st5 @st6 @st7 @mm0 @mm1 @mm2 @mm3 @mm4 @mm5 @mm6 @mm7 @mxcsr @xmm0 @xmm1 @xmm2 @xmm3 @xmm4 @xmm5 @xmm6 @xmm7 $u0 $u1 $u2 $u3 $u4 $u5 $u6 $u7 $u8 $u9 $.u0 $.u1 $.u2 $.u3 $.u4 $.u5 $.u6 $.u7 $.u8 $.u9 $ntnsym $ntwsym $ntsym $CurrentDumpFile $CurrentDumpPath   $CurrentDumpArchiveFile $CurrentDumpArchivePath &#x000D;&#x000A;@rax @rbx @rcx @rdx @rbp @rsp @rsi @rdi @r8 @r9 @r10 @r11 @r12 @r13 @r14 @r15&#x000D;&#x000A;</Keywords>
            <Keywords name="Keywords2">$t0 $t1 $t2 $t3 $t4 $t5 $t6 $t7 $t8 $t9 $t10 $t11 $t12 $t13 $t14 $t15 $t16 $t17 $t18 $t19 $ea $ea2 $exp $ra $ip $eventip $previp $relip $scopeip $exentry $retreg $retreg64 $csp $p $proc $thread $peb $teb $tpid $tid $frame $dbgtime $callret $ptrsize $pagesize $pcr efl fl iopl of df if tf sf zf af pf cf vip vif eax ebx ecx edx edi esi ebp eip esp ax bx cx dx di si bp ip sp ah al bh bl ch cl dh dl gs fs es ds cs ss  idtr idtl gdtr gdtl tr ldtr dr0 dr1 dr2 dr3 dr6 dr7 cr0 cr2 cr3 cr4 fpcw fpsw fptw fopcode fpip fpipsel fpdp fpdpsel st0 st1 st2 st3 st4 st5 st6 st7 mm0 mm1 mm2 mm3 mm4 mm5 mm6 mm7 mxcsr xmm0 xmm1 xmm2 xmm3 xmm4 xmm5 xmm6 xmm7 rax rbx rcx rdx rbp rsp rsi rdi r8 r9 r10 r11 r12 r13 r14 r15</Keywords>
            <Keywords name="Keywords3">.printf .echo .while .for .if .elsif .else .foreach .do .break .continue .catch .leave .block as ad  av sizeof &#x000D;&#x000A;</Keywords>
            <Keywords name="Keywords4">not hi low by wo dwo qwo poi mod and xor or $fnsucc $iment $scmp $sicmp $spat $vvalid #CONTAINING_RECORD #FIELD_OFFSET #RTL_CONTAINS_FIELD #RTL_FIELD_SIZE #RTL_NUMBER_OF #RTL_SIZEOF_THROUGH_FIELD</Keywords>
            <Keywords name="Keywords5">@@C++ @@masm @!</Keywords>
            <Keywords name="Keywords6"></Keywords>
            <Keywords name="Keywords7"></Keywords>
            <Keywords name="Keywords8"></Keywords>
            <Keywords name="Delimiters">00&quot; 01\ 02&quot; 03&apos; 04\ 05&apos; 06 07 08 09 10 11 12 13 14 15 16 17 18 19 20 21 22 23</Keywords>
        </KeywordLists>
        <Styles>
            <WordsStyle name="DEFAULT" fgColor="000000" bgColor="FFFFFF" fontStyle="0" nesting="0" />
            <WordsStyle name="COMMENTS" fgColor="008000" bgColor="FFFFFF" fontStyle="0" nesting="0" />
            <WordsStyle name="LINE COMMENTS" fgColor="008000" bgColor="FFFFFF" fontStyle="2" nesting="0" />
            <WordsStyle name="NUMBERS" fgColor="8000FF" bgColor="FFFFFF" fontStyle="0" nesting="0" />
            <WordsStyle name="KEYWORDS1" fgColor="0080FF" bgColor="FFFFFF" fontStyle="1" nesting="0" />
            <WordsStyle name="KEYWORDS2" fgColor="0080FF" bgColor="FFFFFF" fontStyle="1" nesting="0" />
            <WordsStyle name="KEYWORDS3" fgColor="0000FF" bgColor="FFFFFF" fontStyle="1" nesting="0" />
            <WordsStyle name="KEYWORDS4" fgColor="FF8000" bgColor="FFFFFF" fontStyle="1" nesting="0" />
            <WordsStyle name="KEYWORDS5" fgColor="0000FF" bgColor="FFFFFF" fontStyle="0" nesting="0" />
            <WordsStyle name="KEYWORDS6" fgColor="000000" bgColor="FFFFFF" fontStyle="0" nesting="0" />
            <WordsStyle name="KEYWORDS7" fgColor="000000" bgColor="FFFFFF" fontStyle="0" nesting="0" />
            <WordsStyle name="KEYWORDS8" fgColor="000000" bgColor="FFFFFF" fontStyle="0" nesting="0" />
            <WordsStyle name="OPERATORS" fgColor="FF0000" bgColor="FFFFFF" fontStyle="0" nesting="0" />
            <WordsStyle name="FOLDER IN CODE1" fgColor="FF0000" bgColor="FFFFFF" fontStyle="0" nesting="0" />
            <WordsStyle name="FOLDER IN CODE2" fgColor="000000" bgColor="FFFFFF" fontStyle="0" nesting="0" />
            <WordsStyle name="FOLDER IN COMMENT" fgColor="000000" bgColor="FFFFFF" fontStyle="0" nesting="0" />
            <WordsStyle name="DELIMITERS1" fgColor="800000" bgColor="FFFFFF" fontStyle="0" nesting="0" />
            <WordsStyle name="DELIMITERS2" fgColor="800000" bgColor="FFFFFF" fontStyle="0" nesting="0" />
            <WordsStyle name="DELIMITERS3" fgColor="000000" bgColor="FFFFFF" fontStyle="0" nesting="0" />
            <WordsStyle name="DELIMITERS4" fgColor="000000" bgColor="FFFFFF" fontStyle="0" nesting="0" />
            <WordsStyle name="DELIMITERS5" fgColor="000000" bgColor="FFFFFF" fontStyle="0" nesting="0" />
            <WordsStyle name="DELIMITERS6" fgColor="000000" bgColor="FFFFFF" fontStyle="0" nesting="0" />
            <WordsStyle name="DELIMITERS7" fgColor="000000" bgColor="FFFFFF" fontStyle="0" nesting="0" />
            <WordsStyle name="DELIMITERS8" fgColor="000000" bgColor="FFFFFF" fontStyle="0" nesting="0" />
        </Styles>
    </UserLang>
</NotepadPlus>
